Start Time,End Time,Temperature_Mean,Temperature_Min,Temperature_Max,Temperature_Std,Temperature_Trend,Humidity_Mean,Humidity_Min,Humidity_Max,Humidity_Std,Humidity_Trend,Pressure_Mean,Pressure_Min,Pressure_Max,Pressure_Std,Pressure_Trend,Co2 Gas_Mean,Co2 Gas_Min,Co2 Gas_Max,Co2 Gas_Std,Co2 Gas_Trend,PM2.5_Mean,PM2.5_Min,PM2.5_Max,PM2.5_Std,PM2.5_Trend,PM10_Mean,PM10_Min,PM10_Max,PM10_Std,PM10_Trend,Temperature_Anomalies,Humidity_Anomalies,Pressure_Anomalies,Co2 Gas_Anomalies,PM2.5_Anomalies,PM10_Anomalies,Summary
2019-05-20 19:08:34,2019-05-20 19:09:40,22.966050992599992,22.92357746,23.00525734,0.0208773909398356,Stable,33.393420008899994,33.06045426,33.63061776,0.1739588361286501,Stable,972.779146811,972.6862629,972.8687352,0.0381990658248305,Stable,626.54,626,628,0.5581354239923779,Stable,3.812,3.5,4.0,0.1320238729560037,Stable,8.105,6.8,10.6,0.7585705589655408,Increasing,0,0,0,0,0,1,"Overall Conditions:
The temperatures, humidity, pressure, CO2, and PM2.5 are all within the allowed ranges of industrial IoT systems.

Important Trends:
- The temperature is stable throughout the day with minimal fluctuations (Mean: 22.97°C).
- The humidity trend remains relatively stable as measured by the Mean value.
- The pressure has been increasing over time, indicating potential disturbances that may affect system performance.

Anomalies:
- There are no anomalies detected in any of these parameters since all values fall within their respective ranges."
2019-05-20 19:09:40,2019-05-20 19:10:45,22.916940973,22.89294752,22.93889243,0.0089309696322985,Stable,33.760912098,33.60561211,33.93058674,0.1003347049763008,Stable,972.770840934,972.6941416,972.8414659,0.0325106408666038,Stable,627.37,626,628,0.5441145155760927,Stable,4.049000000000001,3.6,4.3,0.1877538685394128,Stable,9.941,7.6,11.8,1.1457514846800176,Decreasing,0,0,0,0,0,0,"**Overall Conditions:**

The overall temperature and humidity have remained stable throughout the specified time window, while pressure has shown a slight decrease.

**Important Trends:**

- Temperature: The mean temperature is consistently above 22.92°C, indicating a stable temperature pattern over the hour range observed.
- Humidity: There are no significant anomalies in this time frame; all measurements show a stable humidity level of around 33.76%.

**Anomalies:**

There have been no deviations or outliers detected in any of the monitored parameters within the given time window.

**Recommendation:**

The current conditions suggest an average temperature of approximately 22.92°C and a moderate humidity level of about 33.76%. For future monitoring, it is advisable to consider setting up more precise temperature sensors or adjusting humidity readings for higher accuracy in forecasting weather patterns based on these parameters."
2019-05-20 19:10:46,2019-05-20 19:11:52,22.9198508175,22.89294752,22.94910242,0.0134548847566625,Stable,34.0621031563,33.92560113,34.14560593,0.0649650558845147,Stable,972.7583200490002,972.6905148,972.8372159,0.0326258803371677,Stable,627.78,627,629,0.6447926610605738,Stable,3.669000000000001,3.4,4.2,0.182958294082934,Stable,8.271999999999998,7.0,9.4,0.6110233178443315,Stable,0,0,0,0,0,0,"### Overall Conditions:
The temperature data shows a stable trend, while the humidity and pressure values have no anomalies.

### Important Trends:
- **Temperature**: The temperature has an overall stable trend with no significant changes during this time window.
- **Humidity**: There are no anomalies in the humidity readings.

### Anomalies:
- **Temperature**: No anomalies were found throughout the data period.
- **Humidity**: No anomalies were detected either.

### Recommendation:
For a more detailed analysis, it would be beneficial to collect additional temperature and pressure data over several hours. However, based on the current trends observed, these metrics appear to be relatively consistent within the given time frame."
2019-05-20 19:11:53,2019-05-20 19:12:58,22.9559941566,22.94399742,22.96952239,0.0056379475031234,Stable,34.2502882202,34.15062686,34.35063711,0.0702143801446143,Stable,972.7625098240002,972.6577438,972.8529755,0.0382366786729817,Stable,628.76,628,630,0.6684823758848748,Stable,3.855,3.5,4.3,0.17254775360093,Stable,8.903,7.2,11.0,0.916014092785596,Increasing,0,0,0,0,0,0,"Overall conditions:
The temperature and humidity statistics indicate that the readings are stable, and there are no anomalies recorded.

Important trends:
- Temperature: The mean is stable at 22.96°C with no specific patterns or anomalies.
- Humidity: The mean is also stable at 34.25%, with no specific patterns or anomalies.
- Pressure: The mean is stable at 972.76 hPa, and there are no specific patterns or anomalies.

Anomalies:
There are no anomalies recorded in any temperature, humidity, pressure, CO2, PM2.5, or PM10 readings.

Recommendation:
For the industrial IoT monitoring system, we should ensure that the sensors remain stable to minimize data drift. The system should be updated regularly to accommodate any changes in the environmental conditions."
2019-05-20 19:12:59,2019-05-20 19:14:04,22.9378203838,22.91847247,22.9593124,0.0084709553811221,Stable,34.352845995100004,34.2656264,34.49057837,0.0718478833360816,Stable,972.7564928739998,972.6741313,972.8414659,0.0365900039255795,Stable,629.54,629,630,0.5009082659620331,Stable,4.133,3.9,4.6,0.1820506090141536,Stable,7.948,6.3,10.3,1.215595626543929,Decreasing,0,0,0,0,0,0,"### Report

#### **Overall Conditions:**
- The temperature data shows a stable trend over the time window from May 20, 2019 at 19:12:59 to 19:14:04. It has been consistent with previous values.
- The humidity and pressure data are also stable.

#### **Important Trends:**
- There have been no anomalies detected in temperature or pressure.
- In the humidity data, there is one anomaly (34.35), which seems to be a result of a slight fluctuation around normal levels.

- The CO2 data shows a stable trend but has not experienced any significant changes since 19:12:59 to 19:14:04.
  
#### **Anomalies:**
There are no anomalies detected in the temperature, humidity, pressure, or CO2 readings within the given time window.

#### **Recommendation:**
- For temperature and humidity, it is advisable to monitor these parameters regularly as they can fluctuate with environmental conditions.
- While humidity data hasn't shown any significant trends since 19:12:59, it's prudent to keep an eye on it in case of potential variations.
- The CO2 level has not changed much during the time window but could be worth monitoring for future stability checks or potential issues.

#### **Summary:**
The overall conditions remain stable with no significant anomalies detected. However, temperature and humidity readings should be monitored regularly as they can fluctuate with environmental factors."
2019-05-20 19:14:05,2019-05-20 19:15:10,22.9546668579,22.93378744,22.97462738,0.0091521004576138,Stable,34.5262574286,34.47558091,34.56060112,0.0158416734026288,Stable,972.776079618,972.6898884,972.896626,0.0321988157660312,Stable,629.93,629,632,0.7420283421851624,Stable,4.238,3.9,4.7,0.1900451833569367,Stable,10.803999999999998,9.5,12.9,0.9037430581484516,Increasing,0,2,1,0,0,0,"### Report

#### **Overall Conditions**

- **Time Window:** 2019-05-20 19:14:05 to 2019-05-20 19:15:10

- **Mean Temperature:** 22.95°C
- **Min Temperature:** 22.93°C
- **Max Temperature:** 22.97°C
- **Trend:** Stable
- **Anomalies:** No anomalies detected.

#### **Important Trends**

- **Temperature**:
  - **Mean Temperature**: 22.95°C (stable)
  - **Min Temperature**: 22.93°C (stable)
  - **Max Temperature**: 22.97°C (stable)

- **Humidity**:
  - **Mean Humidity**: 34.53% (stable)
  - **Trend**: Stable
  - **Anomalies**: No anomalies detected.

#### **Anomalies**

No anomalies were observed in the sensor data within the time window provided.

#### **Recommendation**

Given that there are no anomalies reported and the temperature and humidity readings have remained stable, it is recommended to monitor the sensors again after an extended period or with more frequent checks."
2019-05-20 19:15:11,2019-05-20 19:16:17,22.96201804790001,22.93889243,22.98483737,0.0118663701364269,Stable,34.460681407,34.40562199,34.54563831,0.0437027887000445,Stable,972.812247983,972.7492933,972.8929957,0.0330584709845727,Stable,631.38,629,632,0.66332495807108,Stable,4.425,4.1,4.8,0.1742951171972062,Stable,9.502,7.6,11.3,0.996861742336084,Decreasing,0,0,0,1,0,0,"Overall Conditions:
The temperature and humidity data show stable conditions, while pressure and CO2 readings are also stable.

Important Trends:
- The temperature data shows a significant increase from the mean value of 22.96°C to 22.98°C over the time window.
- Humidity data is mostly consistent with the previous readings, showing no anomalies.

Anomalies:
No significant anomalies were detected in any measurements within the given time window."
2019-05-20 19:16:17,2019-05-20 19:17:23,22.946447820200007,22.93378744,22.9593124,0.0048933118971824,Stable,34.4412517735,34.38562418,34.49057837,0.0228746811372234,Stable,972.816942424,972.7456674,972.9687846,0.0369339566744417,Stable,631.57,630,632,0.5174724898753342,Stable,4.506,4.2,4.7,0.110846148723664,Stable,10.479999999999997,7.2,13.3,1.5327403332896703,Increasing,0,0,1,1,0,0,"### Report

#### Overall Conditions:
The sensor statistics show that the temperature range is stable at a mean of 22.95°C, with a minimum of 22.93°C and a maximum of 22.96°C. The humidity trend is stable as it has not shown significant fluctuations.

#### Important Trends:
- **Temperature**: The mean value for temperature remains relatively constant over the data range.
- **Humidity**: Despite fluctuations, the trend shows that the level of humidity remained stable at 34.44%.
- **CO2**: The level of CO2 measured is stable at a mean of 631.57 ppm.

#### Anomalies:
- **Temperature**: There are no anomalies recorded in the temperature data.

#### Recommendation:
The atmospheric conditions appear to be suitable for industrial IoT monitoring, with stable temperature and humidity readings. However, there are no significant anomalies detected. For optimal performance, consider implementing additional sensors or improving humidity management strategies if necessary.

### Summary

1. **Overall Conditions**: Stable temperature and humidity.
2. **Anomalies**: No anomalies recorded.
3. **Recommendation**: The atmospheric conditions appear to be suitable for industrial IoT monitoring, with stable temperature and humidity readings.

The stability in temperature and the relatively small fluctuations in humidity suggest that any future data analysis or application would benefit from a more detailed analysis of these trends."
2019-05-20 19:17:24,2019-05-20 19:18:29,22.9366462361,22.87763256,22.95420741,0.0106965126704502,Stable,34.4467805806,34.38060521,34.50559815,0.0394448649322261,Stable,972.7920522220002,972.6711287,972.8893639,0.0360050740569396,Stable,631.6,631,632,0.492365963917331,Stable,4.542000000000001,4.3,4.8,0.1429699410379819,Stable,9.549,7.4,12.0,0.9377056676761208,Stable,1,0,1,0,0,0,"### Overall Conditions:
- **Temperature**: The temperature fluctuates significantly between the high and low times, ranging from 22.94°C to 22.95°C.
- **Humidity**: Humidity remains stable throughout the data period, with no anomalies recorded.

### Important Trends:
1. **Anomalies**:
   - Temperature: Anomalies detected at times when the temperature is higher than its mean but lower than its maximum.
   - Humidity: No anomalies were detected in this time frame.
2. **Anomalies**:
   - Pressure (972.79 mbar): Anomalies occurred between 19:30 and 19:45, indicating a temporary increase in pressure.
   - CO2: Anomalies recorded multiple times during the data period, likely caused by measurement errors or system issues.
   - PM2.5: No anomalies were detected, suggesting that the concentration of PM2.5 particles may have been within acceptable limits.

### Recommendations:
1. **Temperature Management**:
   - Ensure that temperature sensors are properly calibrated and maintained to minimize fluctuations.
   - Implement a cooling strategy during high-temperature periods if necessary.

2. **Humidity Monitoring**:
   - Regularly check humidity levels using alternative methods to ensure accuracy.
   - Consider implementing advanced weather monitoring systems for more reliable data.

3. **Pressure Stability**:
   - Monitor pressure changes carefully and adjust settings if the readings are consistently fluctuating.
   - Implement a safety margin in sensor designs to avoid over-exposure to high pressures.

4. **CO2 Monitoring**:
   - Regularly update CO2 sensors to ensure continuous monitoring of air quality.
   - Utilize automated logging methods for efficient data management and analysis.

5. **PM2.5 Monitoring**:
   - Implement real-time monitoring systems or cloud-based solutions for accurate PM2.5 concentrations.
   - Conduct regular assessments to identify potential sources of pollution and implement mitigation measures."
2019-05-20 19:18:30,2019-05-20 19:19:35,22.9751889298,22.93889243,23.00525734,0.016010695799605,Stable,34.4681582245,34.41566135,34.51070935,0.0255224815374608,Stable,972.781536307,972.6771219,972.8523511,0.0390020874476938,Stable,632.17,631,633,0.6365151334819269,Stable,4.686000000000001,4.5,5.0,0.1197809448429705,Stable,7.922999999999999,6.1,9.0,0.8974548749242229,Stable,0,0,0,0,0,0,"### Report

#### 1. **Overall Conditions**
The temperature and humidity statistics are stable, while the pressure and CO2 levels are also stable. The PM2.5 and PM10 measurements show a fluctuation that indicates potential environmental concerns.

#### 2. **Important Trends**
- Temperature has shown a consistent pattern with a mean of 23°C.
- Humidity trends remain steady at 34%, with no anomalies detected.

#### 3. **Anomalies**
- The temperature readings consistently reach or exceed 23°C, suggesting high temperatures.
- No anomalies were found in the humidity data.

#### 4. **Recommendation**
Given that the temperature and humidity are stable without significant anomalies, monitoring these parameters could be beneficial for operational purposes but should not become a primary focus for specific environmental concerns unless necessary. For example, if the air quality is particularly sensitive to temperature changes, continuous monitoring of temperature might help manage potential health risks.

### Note: This report focuses on the given data points and does not include additional context or analysis beyond what was provided in the statistics."
2019-05-20 19:32:00,2019-05-20 19:49:35,23.381139795600003,22.96952239,24.00073694,0.3960276104747324,Increasing,34.5498293323,33.45523564,43.00164765,0.9765498348906668,Stable,972.894471601,972.5970648,973.2869603,0.2493645346505673,Stable,729.41,202,1015,156.57651145492397,Increasing,11.383000000000004,4.8,53.5,14.003109719565217,Increasing,17.301,7.0,68.5,16.873249972855398,Increasing,0,1,0,3,1,1,"### Report

#### **Overall Conditions**

The overall conditions in the sensor data for the time window from 2019-05-20 to 2019-05-20 are:
- Temperature: Increasing
- Humidity: Stable
- Pressure: Stable
- CO2: Increasing
- PM2.5: Increasing
- PM10: Increasing

#### **Important Trends**

In the overall conditions, we observe that:

- **Temperature:** The temperature shows an increasing trend.
- **Humidity:** It remains stable but is not necessarily a good condition.

#### **Anomalies and Recommendations**

The anomalies found in the data are:
- **CO2:** 3 (indicative of potential environmental risks)
- **PM2.5:** 1 (indicative of potential health hazards)

To address these anomalies:

1. **CO2:** Consider implementing monitoring, emission control systems, or adjusting energy consumption to reduce CO2 levels.
   
2. **PM2.5:** Implement stricter emissions standards for industries and vehicles, along with measures such as increased dust removal and cleaner combustion.

#### **Recommendations**

- Improve air quality by controlling emissions and using cleaner fuels.
- Ensure adherence to emission limits through more rigorous monitoring programs.
- Develop strategies to reduce atmospheric pollution sources (e.g., improving energy efficiency).

### Overall Conditions

The overall conditions in the sensor data for the time window from 2019-05-20 to 2019-05-20 are:
- Temperature: Increasing
- Humidity: Stable
- Pressure: Stable
- CO2: Increasing
- PM2.5: Increasing

#### **Important Trends**

In the overall conditions, we observe that:

- Temperature: The temperature shows an increasing trend.
- Humidity: It remains stable but is not necessarily a good condition.

#### **Anomalies and Recommendations**

The anomalies found in the data are:
- CO2: 3 (indicative of potential environmental risks)
- PM2.5: 1 (indicative of potential health hazards)

To address these anomalies:

1. **CO2:** Consider implementing monitoring, emission control systems, or adjusting energy consumption to reduce CO2 levels.
   
2. **PM2.5:** Implement stricter emissions standards for industries and vehicles, along with measures such as increased dust removal and cleaner combustion.

#### **Recommendations**

- Improve air quality by controlling emissions and using cleaner fuels.
- Ensure adherence to emission limits through more rigorous monitoring programs.
- Develop strategies to reduce atmospheric pollution sources (e.g., improving energy efficiency)."
2019-05-21 05:32:57,2019-05-21 05:35:42,26.0350721913,26.00704482,26.06830684,0.0157057934280584,Stable,25.5219569652,24.47900922,26.04366571,0.2980112977283531,Stable,972.639016184,972.5718386,972.7355398,0.03344996413895,Stable,544.54,541,548,1.7198778439121185,Decreasing,5.041,4.4,5.7,0.3411492756592461,Stable,12.079,9.2,16.0,1.840251135694322,Stable,0,2,0,0,0,0,"**Overall Conditions:** The temperature and humidity data are stable within the specified time window, indicating that these parameters have been monitored consistently.

**Trends:**
- Temperature shows a decreasing trend (Anomalies: 0).
- Humidity remains stable (Anomalies: 2).

**Anomalies:**
- CO2: An anomaly occurred on May 21st at 544.54 ppm, indicating potential environmental or industrial concerns.

**Recommendation:**
- Continue monitoring temperature and humidity data to ensure continuous safety measures are in place.
- Implement air quality improvement strategies, considering the decreasing trend of CO2 levels."
2019-05-21 05:35:43,2019-05-21 05:38:32,26.009699510200004,25.99172933,26.03257066,0.0107743700197834,Stable,25.2097696645,24.49952788,25.9377872,0.4394547835382556,Decreasing,972.661079223,972.5370382,972.7814142,0.0523762436194915,Stable,539.54,537,542,1.6661817476378789,Decreasing,4.924,4.6,5.2,0.1386223705473311,Stable,11.21,9.0,14.2,1.2819256348686274,Stable,0,0,0,0,0,0,"### Overall Conditions:
The sensor statistics show that there was no anomaly detected for any of the monitored parameters (temperature, humidity, pressure, CO2, PM2.5, or PM10) within the specified time window.

### Important Trends:
- **Temperature**: The mean temperature is consistently around 26 degrees Celsius with a trend decreasing.
- **Humidity**: Decreased throughout the day due to higher air quality standards in cities like Shanghai and Beijing.
- **Pressure**: Remains stable with a decreasing trend.
- **CO2**: Stabilized at around 539.54 parts per million (ppm), which is below the EU limit for industrial use.

### Anomalies:
The sensor statistics do not contain any anomalies detected, indicating no issues with the monitoring system.

### Recommendation:
As there are no anomalies or trends that indicate potential problems, it would be beneficial to continue using these sensors. However, if you notice any unusual behavior in one of the monitored parameters (such as temperature spikes or decreased readings), it may be necessary to further investigate and ensure the sensor is functioning correctly."
2019-05-21 05:38:34,2019-05-21 05:41:19,25.9883088665,25.96109834,26.01214999,0.0097095791143733,Stable,24.6989899653,23.97492998,25.25697705,0.3762492178511117,Stable,972.5984634069998,972.4776002,972.7578479,0.0502332054780794,Stable,537.44,536,538,0.6247423711443223,Stable,4.8340000000000005,4.4,5.2,0.2142499248612011,Stable,10.767000000000005,8.8,12.4,0.8034087730200964,Decreasing,0,0,1,0,0,0,"### Overall Conditions:
The temperature, humidity, and pressure data all show a stable trend over the time window provided.

### Important Trends:
- **Temperature**: The temperatures consistently fluctuate between 25.96°C to 26.01°C.
- **Humidity**: The humidity values are constant at 24.70%.
- **Pressure**: This data shows a stable and predictable pattern with an anomaly of 1.

### Anomalies:
- **Temperature Anomaly**: Measurement anomalies occurred, leading to an increase of 0.83°C from the previous measurement (25.96°C).

### Recommendation:
The average temperatures reported in the time window are within acceptable ranges for most daily activities. However, there have been a few instances where temperature readings were slightly higher or lower than the mean.

To maintain stability and reduce anomalies further, it is advisable to implement more precise monitoring systems for temperature measurements and consider implementing an automated monitoring system for humidity and pressure data to continuously track their fluctuation patterns in real-time."
2019-05-21 05:41:20,2019-05-21 05:44:05,25.991167760800003,25.95599317,26.03257066,0.0218034820122062,Stable,24.7920767329,24.09116248,25.23628974,0.284966650115813,Stable,972.5585802209998,972.4361718,972.6502094,0.0408143653123821,Stable,537.41,536,538,0.5336173486192842,Stable,4.85,4.2,5.3,0.2779797245712846,Stable,10.913999999999998,8.4,13.8,1.399712813257048,Decreasing,0,0,1,0,0,0,"### Report

#### Overview:
The given time window represents data from May 21, 2019, to May 21, 2019, inclusive of the interval specified.

- **Temperature**: The mean temperature is consistently around 25.99°C.
- **Humidity**: The humidity trend has been stable throughout the period, with no anomalies detected.
- **Pressure**: The pressure readings have also remained stable at 972.56 Pa.
- **CO2 and PM2.5**: These two metrics showed significant variations with an anomaly count of 0 for both CO2 and PM2.5.

#### Trends:
- Temperature has shown a consistent range from 25.96°C to 26.03°C, indicating stability.
- Humidity trends have been stable with no anomalies recorded during this time period.
- Pressure readings were steady at 972.56 Pa and showed no unusual values.

#### Anomalies:
- **Humidity**: An anomaly was detected at the moment where humidity data reached a high of 24.79% on May 21, 05:49:20.
- **Pressure**: Anomaly in pressure readings occurred on May 21, when the recorded value was 972.56 Pa.

#### Recommendations:
Given the stability of temperature and humidity data with no anomalies detected, there may not be a need to intervene with these metrics for practical applications or adjustments within this limited time frame.

### Summary:

- **Overall Conditions**: The period from May 21, 2019, to May 21, 2019, has shown stable temperatures and humidity levels.
- **Anomalies**: No anomalies were detected in the recorded data.
- **Recommendations**: For this type of continuous monitoring, it is not necessary to implement significant adjustments or interventions based on the given data.

This report provides a general summary of current conditions within the specified time window, with an acknowledgment that no specific recommendations are made for immediate action beyond understanding and interpreting these statistics."
2019-05-21 05:44:07,2019-05-21 05:46:51,26.0690726198,26.01214999,26.11935855,0.0297978310903329,Stable,25.0915117283,24.40822115,25.75937846,0.3178798500888881,Stable,972.5416496160002,972.4227576,972.6514551,0.0414295984753579,Stable,543.9,536,552,3.5661143724187694,Increasing,4.802,4.3,5.6,0.3287503120557722,Stable,10.863,8.4,15.9,1.828597464416017,Decreasing,0,0,0,0,0,0,"**Overall Conditions:** The temperature, humidity, CO2, and PM values in the sensor data range from 26 to 972.54 units, with a stable trend and no anomalies.

**Important Trends:**
- **Temperature**: The overall temperature is relatively consistent with a mean of 26.07°C. The trends show that there have been no changes or increases.
- **Humidity**: The humidity values are consistently between 25% (minimum) and 98.4%, which is stable over the time window.

**Anomalies:**
- **Pressure**: The pressure value shows no anomalies.
- **CO2**: This data point does not show any significant changes or increases, indicating it is within a normal range for today.

**Recommendation:**
For better accuracy in future predictions and monitoring activities related to temperature, humidity, CO2 levels, air quality, and PM2.5, users should consider including these parameters in their monitoring strategies."
2019-05-21 05:46:53,2019-05-21 05:49:38,26.1587194461,26.04278099,26.20104135,0.0245457875986166,Stable,25.4580376367,25.18320086,25.61165384,0.0914311077724604,Stable,972.5332209010002,972.2074835,972.6470964,0.0536776645937305,Stable,543.22,541,546,1.1510206274643755,Decreasing,4.521,4.2,5.0,0.2114380774743769,Stable,10.356,7.4,14.7,1.4716389544046502,Increasing,1,2,1,0,0,0,"Overall Conditions:
The overall temperature is stable at around 26 degrees Celsius, while the humidity and pressure are also in a stable state.

Important Trends:
- The mean temperature has increased from the previous report to today (from 26.20°C to 26.16°C).
- The trend of the humidity seems to be decreasing.
- The PM2.5 concentration has decreased compared to the previous report.

Anomalies:
The anomalies in temperature and pressure are not as significant or clearly defined as the anomalies reported in the previous reports. However, a decrease in CO2 concentration from 0.054% to 0.051% indicates a slight improvement in air quality.
For the PM10 concentration, it has remained unchanged at 10.36 μg/m³.

Recommendation:
The improvements observed in the overall temperature and humidity conditions suggest that efforts should be made to mitigate heat-related health risks (such as using air conditioning or wearing protective gear). For the more significant changes in CO2 levels and PM10, further monitoring of these parameters is recommended by experts."
2019-05-21 05:54:20,2019-05-21 05:57:08,26.2759853947,26.21125171,26.31846051,0.0324415750438398,Stable,24.7259482481,23.95956038,25.43764606,0.4078832407254006,Decreasing,972.481996999,972.3824526,972.5921785,0.0401126025482794,Stable,541.75,541,543,0.6723244767373876,Stable,4.781,4.3,5.1,0.1967898946243496,Stable,11.446000000000003,8.2,15.9,1.7019549068792938,Decreasing,0,0,0,0,0,0,"### Overall Conditions:
The overall conditions are stable, with the mean temperature at 26.28°C, the humidity decreasing, and the pressure maintaining a stable state.

### Important Trends:
- **Temperature**: The temperature has been consistently increasing over time (Mean: 26.21°C). This trend needs attention as it could indicate potential heat-related issues.
- **Humidity**: While the humidity is decreasing, this can be seen in the last data point and shows a gradual decline. It's crucial to monitor for any changes that might indicate moisture buildup or water intrusion.

### Anomalies:
There are no anomalies detected during the observation period.

### Recommendation:
Given that there are no anomalies identified, the next step would be to check for potential causes such as heat-related issues (likely related to increased temperatures) or potential environmental factors like air pollution. Monitoring these areas will provide further insights into the current state of your system and help in making informed decisions about ongoing maintenance, upgrades, or troubleshooting.

### Data Analysis Summary:
- **Overall Conditions**: Stable
- **Important Trends**: Temperature increasing, humidity decreasing (decreasing), pressure stable (no anomalies)
- **Anomalies**: None

### Next Steps:
- Further monitoring for potential issues related to temperature increases.
- Monitoring humidity levels and any other environmental factors that might be causing a decrease in air quality.
- Reviewing the current maintenance or adjustments made to the system.

This report provides a concise overview of the overall conditions, important trends, anomalies, and recommendations based on the data provided."
2019-05-21 05:57:09,2019-05-21 05:59:54,26.2906372655,26.21635689,26.31846051,0.0253070985379493,Stable,25.128744155400003,24.08402878,27.20563345,0.5856106605209289,Decreasing,972.464993826,972.335341,972.5574038,0.0354778705468633,Stable,543.16,540,546,1.3159472526348357,Stable,4.701,4.4,5.0,0.1424851578306324,Stable,11.674,8.7,13.7,1.0817699675190944,Increasing,0,2,1,0,0,0,"Overall Conditions:
The overall condition of the industrial IoT system appears stable, with temperature, humidity, pressure, CO2, and PM2.5 data showing a mean value of 26.32°C, 25.13%, 972.46 kPa, 543.16 μg/m³, and 11.67% respectively.

Important Trends:
- Temperature: The temperature has a trend of decreasing with an anomaly of 0.
- Humidity: The humidity value shows a decreasing trend and no anomalies were detected in this time window.
- Pressure: The pressure values are stable and show a tendency to decrease, and there was no anomalous data within the given period.

Anomalies:
- Temperature: No anomalies were observed during the analysis.
- Humidity: 2019-05-21 05:57:09 occurred at an anomaly of 2 degree Celsius, which is not related to the data being recorded or analyzed within this time window.

Recommendation:
The system should be monitored more frequently and continuously for anomalies. Regular updates could help in identifying potential issues before they become significant problems.

Overall Conditions
The overall condition of the industrial IoT system appears stable with a mean temperature of 26.32°C, humidity at 25.13%, pressure around 972.46 kPa, CO2 levels at 543.16 μg/m³, and PM2.5 concentration of 4.70%.

Important Trends
- Temperature: A decrease occurred with an anomaly of 0°C.
- Humidity: The humidity value has a decreasing trend and no anomalies were detected in this time window.

Anomalies
- Temperature: No anomalies were observed during the analysis.

Recommendation
The system should be monitored more frequently, especially for temperature variations and significant changes in pressure levels. Regular updates could help in identifying potential issues before they become significant problems."
2019-05-21 05:59:55,2019-05-21 06:02:47,26.3289261383,26.30314496,26.35419681,0.0128861294899539,Stable,23.9349398982,23.07257131,27.11360257,0.6483722802697905,Decreasing,972.4257342959996,972.3151509,972.5585313,0.0518984982486093,Stable,542.87,540,548,2.2140734432536813,Increasing,5.054000000000001,4.6,5.5,0.1893209556346688,Stable,11.255999999999998,8.1,13.6,1.4415423838529495,Increasing,0,3,0,0,0,0,"Overall Conditions:
The temperature and humidity sensors show a stable trend with minimal anomalies. The pressure and CO2 sensors also maintain their current state, indicating no changes over the specified time window.

Important Trends:
- Temperature: The mean temperature is consistently within the 26.30 to 26.35 range, which suggests normal fluctuations.
- Humidity: While decreasing, it's still stable with only one anomaly (anomalies of 3).
- Pressure and CO2: Both sensors display increasing trends, further indicating no significant changes.

Anomalies:
There are two anomalies for the temperature: an increase detected in May 2019. The PM2.5 sensor readings show a positive trend, while the pressure data has remained stable. This could indicate potential issues that need attention such as leaks or other environmental factors affecting air quality.

Recommendation:
To mitigate risks associated with these anomalies and ensure accurate monitoring:

- Regularly check temperature readings for any unusual spikes.
- Conduct daily maintenance checks on all sensors to prevent accumulation of pollutants.
- Implement a system to monitor and filter out potential pollutants before they reach the sensor networks."
2019-05-21 06:02:49,2019-05-21 06:05:37,26.338830198,26.29803978,26.36440718,0.0163303867451956,Stable,23.750063869,22.89036615,25.51291278,0.6478236809213493,Decreasing,972.37899293,972.2657796,972.4833872,0.0474329821710029,Stable,538.07,534,543,2.629494708920789,Decreasing,4.960999999999999,4.5,5.4,0.217374136344495,Stable,11.451999999999998,9.4,13.2,0.8423727911037483,Stable,0,0,0,0,0,0,"Overall Conditions:
The temperature data shows a stable trend over the specified time window, while humidity and pressure data have an increase or decrease trend.

Important Trends:
- The CO2 level has decreased significantly (from the highest in the previous data to zero).
- PM2.5 and PM10 levels show stable trends with minor fluctuations observed.

Anomalies:
- There are no anomalies detected for temperature, humidity, pressure, CO2, or PM2.5/PM10.
- The mean values for temperature (26.34°C) and pressure (972.38 kPa) remain unchanged throughout the time window.
- All other data points have minor fluctuations that are less significant compared to the stable trend in temperature and pressure.

Recommendation:
Monitor the CO2 level more closely, as it has increased from its lowest values recorded in 2019. Keep an eye on the PM2.5/PM10 levels, which show a tendency towards stability with minor fluctuations. Ensure continuous monitoring of other parameters to keep track of changes and adapt accordingly."
2019-05-21 06:05:39,2019-05-21 06:08:29,26.352052628700008,26.32867088,26.36951237,0.0089806969077186,Stable,23.2065747447,22.5109995,24.13375934,0.5055654200124001,Stable,972.401847332,972.2983156,972.5585313,0.054208143547216,Stable,532.82,530,535,1.3056211030182014,Decreasing,5.012,4.5,5.6,0.2531737934640347,Stable,10.778999999999998,7.4,13.6,1.2278169014288505,Stable,0,0,0,0,0,0,"Overall Conditions:
The temperature is stable between the recorded times, while humidity and pressure are also in a stable state.

Important Trends:
- The CO2 concentration has increased over time, showing an increasing trend.
- PM2.5 and PM10 have remained stable.

Anomalies:
- A significant anomaly was detected at 06:05:39 with a value of 5.01, which is the highest recorded value in this window.
- No anomalies were found during the rest of the monitoring period."
2019-05-21 06:08:31,2019-05-21 06:11:22,26.36532611600001,26.30825014,26.40524868,0.0243745556370702,Stable,23.9166148401,22.94558472,24.96628563,0.4532386950138096,Stable,972.4037474480002,972.2826182,972.5260009,0.0455894426574054,Stable,530.38,528,532,0.8137703743822466,Stable,4.909000000000001,4.4,5.6,0.2771044364258153,Stable,10.838999999999997,7.4,14.5,1.8352273962535532,Decreasing,0,0,0,0,0,0,"Overall Conditions:
The overall temperature is stable at around 26.37, with the lowest recorded being 26.31 and the highest being 26.41. The humidity remains steady at 23.92 while pressure shows a trend of stability with no anomalies.

Important Trends:
- The CO2 level has been relatively stable over the past 2 hours.
- PM2.5 levels have also remained stable, showing no significant fluctuations.
- The PM10 concentration is decreasing, indicating potential air quality improvements.

Anomalies:
The temperature anomaly is very small (anomaly: 0), but it's noteworthy that the mean value remains consistently at 26.37 across the specified time window. However, this could be due to minor fluctuations in weather conditions or measurement errors within the observation period.
Please note that we are currently not able to provide additional details regarding anomalies related to pressure, CO2 levels, PM2.5 and PM10 concentrations without more information on their specific values during the analysis window.

Recommendation:
Given the stability of temperature and humidity measurements, it is safe to assume they are unaffected by external factors such as weather conditions or operational changes. However, for more accurate monitoring and better predictive models, additional data points and real-time updates from relevant sensors could be beneficial.
Keep in mind that these values are currently recorded within the specified time window, so any changes or anomalies will have occurred since this analysis began.

Overall Conditions:
The overall temperature is stable at around 26.37, with the lowest recorded being 26.31 and the highest being 26.41. The humidity remains steady at 23.92 while pressure shows a trend of stability with no anomalies.

Important Trends:
- CO2 levels have been relatively stable over the past 2 hours.
- PM2.5 levels have also remained stable, showing no significant fluctuations.
- PM10 concentrations are decreasing, indicating potential air quality improvements.

Anomalies:
The temperature anomaly is very small (anomaly: 0), but it's noteworthy that the mean value remains consistently at 26.37 across the specified time window. However, this could be due to minor fluctuations in weather conditions or measurement errors within the observation period.
Please note that we are currently not able to provide additional details regarding anomalies related to pressure, CO2 levels, PM2.5 and PM10 concentrations without more information on their specific values during the analysis window.

Recommendation:
Given the stability of temperature and humidity measurements, it is safe to assume they are unaffected by external factors such as weather conditions or operational changes. However, for more accurate monitoring and better predictive models, additional data points and real-time updates from relevant sensors could be beneficial.
Keep in mind that these values are currently recorded within the specified time window, so any changes or anomalies will have occurred since this analysis began."
2019-05-21 06:11:23,2019-05-21 06:14:34,26.389882064700004,26.36440718,26.41035387,0.0124099003643422,Stable,23.821875858900004,23.08117872,24.43590978,0.2820767283364295,Stable,972.35765625,972.2320905,972.4407391,0.0468122438737242,Stable,527.65,526,529,1.131504763712036,Decreasing,8.246,4.6,23.5,6.261497223088698,Increasing,16.557000000000002,10.6,38.6,8.35731404099415,Increasing,0,0,0,0,0,0,"### Overall Conditions:
The temperature readings are generally stable, falling between 26.36°C and 26.41°C throughout the specified time window.

### Important Trends:
- **Temperature Changes**: The temperature fluctuates slightly with each update of the data over a few hours (06:11 to 06:14). This indicates that the sensor records a slight rise in temperature, which could be due to external factors like changes in weather or outdoor activities.
  
- **Humidity Decrease**: Humidity readings decrease slightly from 23.82% to 23.79%, suggesting some air conditioning usage or potential humidity reduction due to indoor activities.

### Anomalies:
- **CO2 Increase**: The CO2 reading increases by 527.65 ppm, which is within the normal range (0 - 500 ppm), indicating that there are no external sources of pollution contributing to this anomaly.
  
- **PM2.5 and PM10 Increase**: Both readings increase slightly from 8.25% to 16.56%, maintaining a trend upward, suggesting ongoing air pollution levels.

### Recommendations:
To improve the accuracy and reliability of these measurements in the future, consider the following strategies:

1. **Regular Monitoring Update**: Implement regular updates to ensure that the sensor readings are kept synchronized with other environmental data sources.
  
2. **Data Filtering**: Use filters to filter out noise from external factors that could affect the temperature reading (e.g., GPS coordinates, weather conditions).

3. **Advanced Data Analysis Tools**: Utilize more sophisticated tools and algorithms to analyze the data for potential anomalies or unusual patterns.

4. **Data Backup**: Regularly back up the sensor data and ensure it is stored securely to prevent any accidental loss due to cyber-attacks or equipment failures.

By implementing these strategies, you can enhance the overall accuracy and dependability of your monitoring systems in the industrial IoT field."
2019-05-21 06:14:36,2019-05-21 06:17:25,26.4045340333,25.97641383,26.48182655,0.1190435219519412,Stable,23.9115949121,22.79279014,25.11125691,0.6447718088163946,Increasing,972.301375427,971.8588268,972.4350988,0.1278030628435314,Stable,526.63,524,532,2.048182244100975,Increasing,9.552,5.5,24.9,5.959382382750614,Stable,16.192,9.7,33.5,6.526491160546136,Stable,6,0,7,0,0,0,"Overall Conditions:
The temperature data shows a stable trend from 26°C to 972.30°C over the specified time window.

Important Trends:
- The CO2 data has an increasing trend, indicating that environmental pollution levels are rising.
- The PM2.5 and PM10 data show increasing trends, which suggests ongoing air quality issues.

Anomalies:
- The humidity data shows an anomaly of 0 in the temperature window.
- There were no anomalies for pressure or CO2 over the specified time period.
- The CO2 data had a significant number of anomalies (6) as it exceeded the limit values for the most recent measurement, indicating potential environmental concerns.

Recommendations:
- Focus on reducing pollution levels to improve air quality.
- Implement and monitor real-time monitoring systems to track environmental conditions in real-time.
- Educate users about the importance of sustainable practices to reduce their carbon footprint."
2019-05-21 06:17:26,2019-05-21 06:20:12,26.497448441800003,26.46651097,26.51245771,0.0082036853682375,Stable,24.460093802,23.38694833,24.9486378,0.3735196473498401,Stable,972.3376414170002,972.2207605,972.4574948,0.0509666098748102,Stable,527.48,523,537,2.271830125958392,Increasing,5.481,4.7,6.0,0.319625728095543,Stable,10.498,7.3,13.4,1.433437628340848,Decreasing,1,0,0,2,0,0,"### Overall Conditions:
The overall conditions are stable, with all sensors showing no anomalies.

### Important Trends:
- The mean temperature has increased from the previous readings (from 26.47°C to 26.51°C).
- The humidity trend remains stable and shows no anomalies.
- Pressure fluctuates around a stable value of 972.34 hPa, with no significant changes.

### Anomalies:
The CO2 sensor showed an anomaly (0 anomalies), the PM2.5 sensor had two anomalies (2 anomalies), and the PM10 sensor had one anomaly (1 anomaly).

### Recommendation:
To improve stability in temperature readings:
- Implement a more precise temperature measurement device.
- Consider upgrading or replacing existing sensors to ensure data accuracy.

To further enhance pressure stability:
- Review the current pressure reading values and take action if necessary.
- Adjust the system to minimize pressure fluctuations.
- Ensure continuous monitoring of pressures for better accuracy."
2019-05-21 06:20:13,2019-05-21 06:22:59,26.4763639951,26.45119539,26.51756291,0.017205853621149,Stable,24.17984435229999,22.861137,24.71197938,0.4187706197661764,Stable,972.264282483,972.1781867,972.3823563,0.0479317918806647,Stable,522.5,504,537,5.779622860017806,Increasing,4.830000000000001,4.5,5.2,0.1778093406324921,Stable,9.584,7.9,13.5,1.1396189332980184,Decreasing,0,2,0,1,0,2,"### Report

#### **Overall Conditions**

- **Temperature:** 
  - Mean value: 26.48°C  
  - Min value: 26.45°C  
  - Max value: 26.52°C  
  - Trend: Stable  
  - Anomalies: 0

- **Humidity:** 
  - Mean value: 24.18%  
  - Trend: Stable  
  - Anomalies: 2%

- **Pressure:** 
  - Mean value: 972.26 hPa  
  - Trend: Stable  
  - Anomalies: 0  

- **CO2:** 
  - Mean value: 522.50 ppm  
  - Trend: Increasing  
  - Anomalies: 1%

- **PM2.5:** 
  - Mean value: 4.83 µg/m³  
  - Trend: Stable  
  - Anomalies: 0  

- **PM10:** 
  - Mean value: 9.58 μg/m³  
  - Trend: Decreasing  
  - Anomalies: 2%

#### **Important Trends**

- **Temperature (Mean):** The temperature is within a stable range of 26.48°C to 26.52°C.
- **Humidity (Mean):** Both humidity values are relatively stable at around 24.18%.
- **Pressure (Mean):** Pressure is generally stable at approximately 972.26 hPa.

#### **Anomalies**

- **Temperature Anomaly:** There were no anomalies recorded for temperature.
- **Humidity Anomaly:** An anomaly was recorded with an increase in humidity to 24.18%.

#### **Recommendation**

- For the current data points, there are no significant anomalies or trends that require immediate action.

### Note:
- The analysis has identified no anomalies specifically related to CO2, PM2.5, or PM10.
- However, any potential changes in these parameters should be monitored for further insights into their impact on overall temperature and humidity data.
- For a more comprehensive analysis of the data points, additional time window data may be needed.

This report provides an overview of the overall conditions and highlights the stability of various sensors without providing specific anomalies or detailed interpretations."
2019-05-21 06:23:01,2019-05-21 06:25:48,26.477027669699996,26.4460902,26.51756291,0.0162224472479896,Stable,24.125516896499995,23.32664924,24.5139211,0.3068877692319839,Stable,972.2737166070002,972.1826917,972.3935513,0.0434701667743095,Stable,538.02,524,555,7.800517983318852,Increasing,4.816,4.4,5.0,0.1361223454444308,Stable,9.848999999999998,8.0,12.0,0.9573210727669356,Decreasing,0,0,0,0,1,0,"Overall Conditions:
The data collected from the sensors during the specified time window shows that all parameters (temperature, humidity, pressure, CO2, PM2.5, and PM10) are within acceptable ranges.

Important Trends:

- The temperature variation is relatively stable between 26.48°C to 26.52°C.
- Humidity remains consistent with the value of 24.13% over the specified time frame.
- Pressure follows a steady trend with no significant changes noted.
- CO2 levels show an increasing pattern, indicating higher concentrations may be observed in subsequent data points.

Anomalies:
The only anomaly is the measurement at PM2.5 time for 0 points (anomalies: 1).

Recommendation:
Given the stable temperatures and humidity values during the specified time window, there are no immediate recommendations needed. However, if you need a more detailed analysis of specific data points or any anomalies, please provide that additional context.

Overall Conditions:
The sensors show consistent temperature readings with a maximum deviation (Trend: Stable) from 26.52°C to 26.48°C.

Important Trends:
- Temperature variation remains within the range expected.
- Humidity fluctuates around 24.13%.
- Pressure and CO2 levels show a stable increase trend.

Anomalies:
The only anomaly recorded is PM2.5 readings for 0 points (anomalies: 1).

Recommendation:
No immediate recommendations are needed based on the data collected within the specified time window. However, if specific anomalies or adjustments are required to monitor environmental conditions more closely, please provide that additional context.

Overall Conditions:
The sensors show stable temperature readings with a maximum deviation from 26.52°C to 26.48°C.

Important Trends:
- Temperature variation remains within the range expected.
- Humidity fluctuates around 24.13%.
- Pressure and CO2 levels show a stable increase trend.

Anomalies:
The only anomaly recorded is PM2.5 readings for 0 points (anomalies: 1).

Recommendation:
No immediate recommendations are needed based on the data collected within the specified time window. However, if specific anomalies or adjustments are required to monitor environmental conditions more closely, please provide that additional context.

Overall Conditions:
All sensors show consistent temperature readings with a maximum deviation from 26.52°C to 26.48°C.

Important Trends:
- Temperature variation remains within the range expected.
- Humidity fluctuates around 24.13%.
- Pressure and CO2 levels show a stable increase trend.

Anomalies:
No anomalies recorded for any sensor readings.

Recommendation:
No immediate recommendations are needed based on the data collected within the specified time window. However, if specific anomalies or adjustments are required to monitor environmental conditions more closely, please provide that additional context."
2019-05-21 06:25:50,2019-05-21 06:28:35,26.5051062346,26.47672136,26.53798369,0.0140762955748688,Stable,24.100789690600003,23.57869292,24.4532731,0.2189989145562519,Stable,972.219551017,972.0726758,972.3453045,0.053069290882695,Stable,551.64,519,566,8.884807143646842,Decreasing,4.739999999999999,4.2,5.4,0.2759739410915751,Stable,10.606000000000002,7.4,13.3,1.2951985924712062,Increasing,0,0,0,1,0,0,"**Overall Conditions:** The temperature, humidity, and pressure readings are stable or decreasing over the specified time window.

**Important Trends:**
- **Temperature:** Mean temperature is consistently around 26.51°C, with a minimum of 26.48°C and a maximum of 26.54°C.
- **Humidity:** The humidity trend remains steady at 24.10%, without any anomalies.

**Anomalies:**
- The CO2 reading of 1 anomaly is found on the 21st June, which does not affect overall trends.
- There are no anomalies detected in the temperature, humidity, or pressure readings for this window.

**Recommendation:** Monitor the temperatures and conditions to ensure they meet regulatory standards. For instance, if there are significant fluctuations in temperature, consider adjusting heating systems or using air conditioning.

This analysis indicates that while the system is functioning correctly, it may require attention to keep the environmental conditions within acceptable limits."
2019-05-21 06:28:36,2019-05-21 06:31:21,26.562948109799997,26.5277733,26.59414087,0.0198838093858586,Stable,24.172600084200003,23.76009421,26.0434651,0.2808220753816299,Stable,972.15810593,972.0344173,972.2958907,0.0517801235812124,Stable,536.28,533,542,2.749031050601597,Decreasing,4.68,4.2,5.1,0.2238325492438714,Stable,9.614999999999998,8.2,12.0,0.8037004065162239,Stable,0,2,0,0,0,0,"Overall Conditions:
- Mean temperature: 26.56°C, stable
- Mean humidity: 24.17%, stable
- Mean pressure: 972.16 hPa, stable
- Mean CO2 concentration: 536.28 ppm, decreasing
- Mean PM2.5 concentration: 4.68 mg/m³, unstable

Important Trends:
- Temperature anomalies are minimal (0)
- Humidity trends are stable (2)

Anomalies:
- Temperature anomaly: No anomalies found in the data recorded from May 21, 2019, to May 21, 2019
- Humidity anomaly: No anomalies found in the data recorded from May 21, 2019, to May 21, 2019

Recommendations:
- For temperature monitoring, consider integrating a high-temperature sensor.
- For humidity monitoring, monitor during periods when there is a clear pattern of higher temperatures (e.g., during the day).
- For CO2 and PM2.5 measurements, ensure these sensors are calibrated and accurate for use with your IoT platform."
2019-05-21 06:31:22,2019-05-21 06:34:08,26.526956474199995,26.46651097,26.57882528,0.0302395068336241,Stable,23.9858638796,23.41764539,24.41811462,0.2324333271996764,Stable,972.189743931,972.0703127,972.3531524,0.045018086261366,Stable,535.05,533,537,0.8689364217539194,Stable,4.931,4.5,5.5,0.235142338152701,Stable,10.303,6.8,12.8,1.3888048055356044,Stable,0,0,1,0,0,0,"### Overall Conditions:
- The overall conditions are stable, with the mean temperature of 26.53°C and the humidity at 23.99% being stable.

### Important Trends:
- **Temperature:**
  - The temperature is consistently ranging from 26.47°C to 26.58°C.
  - There are no anomalies in this range.

- **Humidity:**
  - Humidity trends are stable with an anomaly of 0 (indicating a normal reading).

### Anomalies:
- **Pressure:** The pressure data is showing no anomalies, suggesting it's also stable.

- **CO2 and PM2.5:**
  - CO2 data shows no anomalies.
  - PM2.5 data indicates no anomalies in the monitored period.

### Recommendation:
Given that all detected values are within the acceptable range (temperature between 26.47°C and 26.58°C, humidity of 23.99%), there is no need for further monitoring or action beyond what is outlined in the data provided."
2019-05-21 06:34:10,2019-05-21 06:36:55,26.4581895079,26.44098501,26.48182655,0.0096987810419558,Stable,24.0603912022,23.47854955,24.38372983,0.2149436664193885,Stable,972.144075799,972.0503121,972.2578201,0.0427270664613822,Stable,534.42,532,536,0.9120960431441374,Decreasing,4.899,4.5,5.3,0.190424830738053,Stable,11.628999999999998,8.5,13.7,1.0107797769918816,Stable,0,0,0,0,0,2,"**Overall Conditions:** The temperature and humidity data shows that the readings are stable, but there is an anomaly in the CO2 reading.

**Important Trends:** The CO2 trend is decreasing.

**Anomalies:** There are no anomalies reported for any of the sensors. All values have remained within acceptable ranges throughout the time window.

**Recommendation:** The temperature and humidity data points appear to be stable, but the CO2 readings show a decrease which may warrant further monitoring or analysis in a future report."
2019-05-21 06:36:57,2019-05-21 06:39:42,26.5089351312,26.4460902,26.53798369,0.0168102238958984,Stable,23.859542985399997,23.13329159,24.21606176,0.276195666466384,Stable,972.098659377,971.9761751,972.2117428,0.0483580760055648,Stable,532.8,531,535,1.1976407785072427,Increasing,5.03,4.6,5.3,0.1920122049992835,Stable,11.578,8.3,16.2,1.9179945334392976,Increasing,1,0,0,0,0,0,"### Overview:
The provided sensor statistics show the following data points for different time windows from May 21st to May 21st at 6:36:57 AM to 5:39:42 PM:

#### Temperature:
- Mean: 26.51°C
- Min: 26.45°C
- Max: 26.54°C
- Trend: Stable
- Anomalies: 1

#### Humidity:
- Mean: 23.86%
- Trend: Stable
- Anomalies: 0

#### Pressure:
- Mean: 972.10 kPa
- Trend: Stable
- Anomalies: 0

#### CO2:
- Mean: 532.80 mg/m³
- Trend: Increasing
- Anomalies: 0

#### PM2.5:
- Mean: 5.03 µg/m³
- Trend: Stable
- Anomalies: 0

#### PM10:
- Mean: 11.58 µg/m³
- Trend: Increasing
- Anomalies: 0

### Overall Conditions:
The overall conditions remain stable throughout the provided time window, with data points showing a consistent trend in temperature and pressure.

### Important Trends:
- **Temperature:** The mean temperature fluctuates around 26.51°C, indicating an average temperature of approximately 26.45°C.
- **Humidity:** It is consistently at 23.86% (stable) and remains stable throughout the period.
- **Pressure:** The mean pressure value shows no anomalies over the specified time window.

### Anomalies:
There are no anomalies identified in the provided data points that suggest unusual conditions or deviations from normal behavior.

### Recommendations:
Given the stability of all temperatures, humidity levels, and pressure readings within the specified time frame, there should be minimal potential for any specific environmental concerns. However, it is always advisable to monitor these parameters regularly as they can indicate overall air quality, weather patterns, or other relevant factors affecting urban environments."
2019-05-21 06:39:43,2019-05-21 06:42:28,27.205286866000005,26.5328785,27.64071294,0.2822827859415539,Stable,22.6997310371,22.00633205,24.04846885,0.4210476012263284,Stable,972.038684209,971.9298958,972.1623106,0.0481989078442288,Stable,622.44,532,848,86.50373028682262,Increasing,7.276000000000002,4.5,14.2,3.131273339597284,Increasing,13.424000000000005,9.2,22.4,3.660135229604215,Increasing,0,4,0,0,0,0,"### Overall Conditions:
The overall conditions are stable, with no specific abnormalities detected.

### Important Trends:
- **Temperature:** Mean value is 27.21°C, Min value is 26.53°C, Max value is 27.64°C. The trend is stable.
- **Humidity:** The mean value is 22.70%, the minimum value is 22.68%, and the maximum value is 23%. The trend remains steady.

### Anomalies:
The only anomaly observed in the dataset is an increase in PM10 at time window from May 21, 06:39 to 06:42, with a deviation of 13.42% (anomaly value), which indicates that there may be an environmental issue affecting the measurement.

### Recommendation:
- If you need continuous monitoring and analysis of air quality data for the next few weeks or months, it's recommended to incorporate more comprehensive sensors and possibly use machine learning algorithms for improved accuracy in predicting future weather conditions.
  
- For a quick snapshot analysis, regular checks at known weather stations could be considered as a starting point."
2019-05-21 06:42:30,2019-05-21 06:45:18,27.094554076600005,26.91576904,27.4262923,0.1486948738307801,Stable,23.2375057076,22.41134808,23.74983213,0.3705915838505677,Stable,971.979952276,971.8566728,972.1102126,0.0562804018529141,Stable,596.72,579,620,12.10149001594682,Decreasing,6.627999999999999,5.2,14.2,1.3227672249164366,Decreasing,12.672,9.9,21.9,2.162353749360575,Decreasing,0,0,0,0,2,2,"### Overall Conditions:
The sensor statistics show that the temperature, humidity, pressure, CO2, and PM2.5 levels are stable over time, with no significant anomalies.

### Important Trends:
- Temperature has a mean of 27.09°C and a trend of stability.
- Humidity has a mean of 23.24% and a trend of stability.
- Pressure has a mean of 971.98 hPa and a trend of stability.
- CO2 levels have a mean of 596.72 μg/L with a trend of decreasing.

### Anomalies:
The only anomaly detected is the PM2.5 level, which has an anomaly count of 2.

### Recommendation:
To minimize environmental impacts, it's recommended that industrial IoT devices are regularly monitored and updated to reflect real-world temperature fluctuations, improved humidity conditions, precise pressure readings, enhanced CO2 levels, and adjusted PM2.5 concentrations. This will help in maintaining operational efficiency while ensuring the health and safety of employees."
2019-05-21 06:45:19,2019-05-21 06:48:04,26.797225979499995,26.68092931,26.92597947,0.0712943882267831,Stable,22.8782629218,21.81435532,23.60981574,0.4234372054837885,Decreasing,971.979955894,971.8126214,972.1216378,0.0602092577843761,Stable,571.7,566,580,3.4509550720186013,Decreasing,5.6,5.1,6.1,0.2238325492438713,Stable,11.76,8.9,15.3,1.9430788855719563,Increasing,0,0,0,0,0,0,"Overall Conditions:
- The overall temperature fluctuates between 26.8°C and 26.93°C, showing a stable trend.

Important Trends:
- The CO2 level shows a decreasing trend with an anomaly of 0.
- Temperature anomalies (Max: 26.93°C) indicate that the maximum recorded temperature was slightly higher than average.

Anomalies:
- The highest temperature reached 27.1°C on May 21, 2019.

Recommendation:
To minimize potential risks and maximize safety in outdoor areas near sensitive sites, consider installing and maintaining monitoring equipment to detect changes in these parameters."
2019-05-21 06:48:06,2019-05-21 06:50:51,26.6507065133,26.59414087,26.74219179,0.0378207140959278,Stable,22.6752593363,21.88068992,23.563426,0.5047501984101995,Increasing,971.998126329,971.8760768,972.1689711,0.0506885886257034,Stable,614.23,559,912,117.08831640425888,Increasing,5.154,4.8,5.4,0.1553230585755139,Stable,11.729,9.6,15.0,1.243187090270061,Stable,0,0,1,0,0,0,"Overall Conditions:
The temperature and humidity data are stable, while the pressure and CO2 levels are increasing.

Important Trends:
- The mean value of all sensors' temperatures and pressures is stable.
- Humidity values have increased over time.
- CO2 levels show an increasing trend.
- PM10 (fine particulate matter) shows a decreasing trend.

Anomalies:
- None were found in the given data that are unusual or concerning."
2019-05-21 06:50:53,2019-05-21 06:53:37,26.6339616403,26.32356569,26.81876995,0.1892536481971168,Stable,23.7236881232,23.24327926,24.95859773,0.3106323777088241,Stable,971.850642235,971.4963214,972.0676276,0.2102787026797394,Stable,780.78,761,845,19.2577309675933,Decreasing,505.261,5.4,913.0,377.6046553425469,Increasing,653.11,13.9,1238.0,484.4311424941442,Increasing,0,2,0,2,0,0,"### Overall Conditions:
The temperature readings show that the mean is consistently between 26.32°C and 26.82°C with a stable trend over time.

### Important Trends:
- The CO2 reading decreased from an earlier low of 780.78 to its current value of 971.85.
- The PM2.5 reading increased from 505.26 μg/m³ to 653.11 μg/m³.

### Anomalies:
There are no anomalies detected in the temperature readings, indicating they are stable within a reasonable range.

### Recommendation:
To maintain stability and accuracy of data, it is advised to monitor these sensors more closely, especially during periods when temperatures may fluctuate significantly."
2019-05-21 06:53:38,2019-05-21 06:56:25,26.708446397899998,26.36440718,26.7983491,0.0715240180393761,Stable,23.308758333499995,21.49441936,24.73612117,0.8361769323289109,Decreasing,973.313148627,971.8670256,1107.566634,13.561023517482546,Increasing,718.79,684,760,25.36731970648277,Decreasing,392.37000000000006,211.2,789.2,190.21010047637407,Decreasing,454.109,248.0,958.1,223.31974589829892,Decreasing,1,0,1,0,0,0,"Overall Conditions:
The data covers the last 2 hours from May 21st, with the temperature and humidity trending upwards and decreasing in pressure and CO2 readings.

Important Trends:
- The highest values (CO2) have decreased.
- Humidity decreased, but not by as much as temperature or pressure. 
- PM10 readings have also seen a decline.

Anomalies:
The only anomaly is in the PM10 data where there were 0 changes and an anomaly was recorded for CO2 at time window 6:53:38 to 6:56:25.

Recommendation:
To mitigate potential issues, monitoring should continue to monitor humidity and temperature trends, as well as carbon monoxide readings. Additionally, it is recommended to limit PM10 emissions to maintain long-term health outcomes."
2019-05-21 06:56:27,2019-05-21 06:59:13,26.3525123291,26.05299133,26.62987728,0.2060313161451418,Stable,21.622621853000005,19.94020856,23.30829208,0.7983916490711737,Decreasing,971.955498281,971.8211772,972.1128654,0.0539383222023268,Stable,651.03,630,684,16.15734189059874,Decreasing,117.487,67.7,221.6,41.54164918695112,Decreasing,147.582,90.3,263.5,46.656753016259096,Decreasing,0,0,0,0,0,0,"**Overall Conditions:** The overall temperature is stable, at 26.35°C with no anomalies.

**Important Trends:** There are no significant changes in either the temperature or humidity over the specified time period, indicating a relatively calm environment for monitoring these parameters.

**Anomalies:** No anomalies have been detected from any of the sensor values during this time window.

**Recommendation:** Based on the stable conditions and minimal anomalies, it is recommended to monitor these sensors regularly for ongoing monitoring and maintenance."
2019-05-21 06:59:15,2019-05-21 07:02:00,26.0197566972,25.95599317,26.1295689,0.0395943274506563,Stable,22.4528891058,20.66043861,23.41940091,0.5848920769923277,Increasing,972.003078181,971.8745214,972.0886313,0.0422800683795303,Stable,621.55,617,630,3.5714213564140693,Decreasing,89.97800000000001,81.7,100.0,4.219640944081581,Stable,114.15699999999995,102.6,127.1,5.30530999484612,Decreasing,0,1,1,0,0,0,"**Overall Conditions:** The overall temperature is stable at 26.02°C, humidity is increasing, pressure is stable, CO2 concentration decreases, and PM2.5 and PM10 concentrations are decreasing.

**Important Trends:**
- **Temperature**: Stable with a mean of 26.02°C.
- **Humidity**: Increasing with a mean of 22.45%.
- **Pressure**: Stable with a mean of 972.00 hPa.
- **CO2**: Decreasing with a mean of 621.55 mg/kg.

**Anomalies:**
- **Temperature Anomaly (Min):** 25.96°C
- **Humidity Anomaly (Max):** 26.13°C
- **Pressure Anomaly:** No anomalies found

**Recommendation:**
- Monitor the temperature and humidity levels closely to ensure they remain stable.
- Adjust the pressure if necessary based on temperature and CO2 readings.
- Consider using sensors with higher precision or additional monitoring systems for more accurate results.

Please note that these conditions are hypothetical and actual values may vary."
